{
    "camera": {
        "type": "perspective",
        "yfov": 0.7853981852531433,
        "matrix": [
            0.4895511269569397,
            -0.246134951710701,
            0.8365145921707153,
            0.0,
            6.548361852765083e-09,
            0.9593340158462524,
            0.2822737991809845,
            0.0,
            -0.8719736337661743,
            -0.1381867676973343,
            0.469643235206604,
            0.0,
            -3.2442164421081543,
            -0.2981164753437042,
            -5.491069316864014,
            1.0
        ]
    } 
}