{
    "camera": {
        "type": "perspective",
        "yfov": 0.7853981852531433,
        "matrix": [
            0.8744941353797913,
            0.1350652128458023,
            -0.4658510684967041,
            0.0,
            5.820766091346741e-11,
            0.9604462385177612,
            0.27846458554267883,
            0.0,
            0.48503541946411133,
            -0.24351564049720764,
            0.8399054408073425,
            0.0,
            0.13606283068656921,
            0.13653989136219025,
            -3.8525710105895996,
            1.0
        ]
    }
}
